match_id	deck	version	played_at	opponent	result	turn_order	start_quality	opening_hand_quality	sequencing_quality	issue_tags	positive_tags	cards_shined	cards_failed	game_context	session_or_event	focus_matchup	notes
488d1cd3-2be8-47b6-9755-48cee1ef7fd0	Playtest 200 - Raging Bolt Lab	v1 Turbo	2026-04-18T09:00:00.000Z	Mega Greninja	win	unknown	good	good	good		strong setup|strong recovery	Raging Bolt ex		competitive	Midweek cup	Mega Greninja	Beat Mega Greninja. strong setup carried the middle turns.
fc73b21c-e2e9-49ec-bc0e-7d4ce5bf7973	Playtest 200 - Raging Bolt Lab	v1 Turbo	2026-04-19T10:13:00.000Z	Mega Greninja	loss	second	good	okay	bad	bench pressure|missed setup|poor prize trade			Battle VIP Pass	testing	RB baseline week 1	Mega Greninja	v1 Turbo dropped a game to Mega Greninja. bench pressure and missed setup showed up again.
0d896035-3396-4e55-a340-5819b8100d07	Playtest 200 - Raging Bolt Lab	v1 Turbo	2026-04-20T11:26:00.000Z	Mega Greninja	loss	first	bad	great	good	bench pressure|missed setup|poor prize trade			Battle VIP Pass	testing	RB baseline week 1	Mega Greninja	Another Mega Greninja loss. Need to review bench pressure before the next sample.
57112f65-1a87-41fd-a3bf-ef8f3991d100	Playtest 200 - Raging Bolt Lab	v1 Turbo	2026-04-21T12:39:00.000Z	Mega Greninja	loss	second	good	good	bad	bench pressure|missed setup|poor prize trade			Battle VIP Pass	testing	RB baseline week 1	Mega Greninja	Lost to Mega Greninja. bench pressure snowballed before Playtest 200 - Raging Bolt Lab stabilized.
a921c5bb-e2ec-4888-99d4-b3eee2f6cd7a	Playtest 200 - Raging Bolt Lab	v1 Turbo	2026-04-22T13:52:00.000Z	Mega Greninja	loss	unknown	bad	great	bad	bench pressure|missed setup|poor prize trade			Battle VIP Pass	testing	RB baseline week 1	Mega Greninja	v1 Turbo dropped a game to Mega Greninja. bench pressure and missed setup showed up again.
db15e6db-f914-4deb-b554-016ed69b097f	Playtest 200 - Raging Bolt Lab	v1 Turbo	2026-04-23T14:05:00.000Z	Mega Greninja	loss	second	okay	okay	bad	bench pressure|missed setup|poor prize trade			Battle VIP Pass	competitive	Midweek cup	Mega Greninja	Another Mega Greninja loss. Need to review bench pressure before the next sample.
9af5457f-3704-441b-af93-f5c0234dea58	Playtest 200 - Raging Bolt Lab	v1 Turbo	2026-04-24T15:18:00.000Z	Mega Greninja	loss	first	bad	okay	good	bench pressure|missed setup|poor prize trade			Battle VIP Pass	testing	RB baseline week 1	Mega Greninja	Lost to Mega Greninja. bench pressure snowballed before Playtest 200 - Raging Bolt Lab stabilized.
7c9fc610-08ab-498d-8c5a-55f828081313	Playtest 200 - Raging Bolt Lab	v1 Turbo	2026-04-25T16:31:00.000Z	Mega Greninja	loss	second	great	okay	okay	bench pressure|missed setup|poor prize trade			Battle VIP Pass	testing	RB baseline week 1	Mega Greninja	v1 Turbo dropped a game to Mega Greninja. bench pressure and missed setup showed up again.
cc1319c2-9123-49ac-9c4e-9fde9b667827	Playtest 200 - Raging Bolt Lab	v1 Turbo	2026-04-26T17:44:00.000Z	Mega Greninja	loss	unknown	bad	okay	okay	bench pressure|missed setup|poor prize trade			Battle VIP Pass	testing	RB baseline week 1	Mega Greninja	Another Mega Greninja loss. Need to review bench pressure before the next sample.
ed07b48d-8517-4425-979e-3c6f91cb4110	Playtest 200 - Raging Bolt Lab	v1 Turbo	2026-04-27T18:57:00.000Z	Mega Greninja	tie	second	great	bad	okay		strong recovery			testing	RB baseline week 1	Mega Greninja	Mega Greninja tie. Need one cleaner turn to convert this sample into a read.
270be441-6225-4090-a957-9d149908f650	Playtest 200 - Raging Bolt Lab	v2 Vessel Package	2026-04-28T19:10:00.000Z	Mega Greninja	win	second	good	bad	good		strong recovery|favorable matchup	Earthen Vessel		testing	RB vessel check	Mega Greninja	Beat Mega Greninja. strong recovery carried the middle turns.
fcf8f7ac-d567-4c75-a642-8757443d8417	Playtest 200 - Raging Bolt Lab	v2 Vessel Package	2026-04-29T09:23:00.000Z	Mega Greninja	win	second	bad	okay	okay		strong recovery	Earthen Vessel		testing	RB vessel check	Mega Greninja	v2 Vessel Package held together into Mega Greninja. strong recovery were real.
f718580d-7623-487a-b5cb-56123c994488	Playtest 200 - Raging Bolt Lab	v2 Vessel Package	2026-04-30T10:36:00.000Z	Mega Greninja	loss	first	good	bad	good	bench pressure|missed setup			Counter Catcher	testing	RB vessel check	Mega Greninja	Another Mega Greninja loss. Need to review bench pressure before the next sample.
941f8fdc-5413-444d-82d3-f8cbd3452e94	Playtest 200 - Raging Bolt Lab	v2 Vessel Package	2026-05-01T11:49:00.000Z	Mega Greninja	loss	second	good	good	okay	bench pressure|missed setup			Counter Catcher	testing	RB vessel check	Mega Greninja	Lost to Mega Greninja. bench pressure snowballed before Playtest 200 - Raging Bolt Lab stabilized.
1747b295-30c0-4549-8f58-3c021b5ee4d2	Playtest 200 - Raging Bolt Lab	v2 Vessel Package	2026-05-02T12:02:00.000Z	Mega Greninja	loss	first	bad	good	good	bench pressure|missed setup			Counter Catcher	testing	RB vessel check	Mega Greninja	v2 Vessel Package dropped a game to Mega Greninja. bench pressure and missed setup showed up again.
cff20dc1-ecca-4ee3-9031-2427e18567ba	Playtest 200 - Raging Bolt Lab	v2 Vessel Package	2026-05-03T13:15:00.000Z	Mega Greninja	loss	second	bad	good	good	bench pressure|missed setup			Counter Catcher	testing	RB vessel check	Mega Greninja	Another Mega Greninja loss. Need to review bench pressure before the next sample.
8e7a30df-9cfb-4755-af3f-c078c53bd9f0	Playtest 200 - Raging Bolt Lab	v2 Vessel Package	2026-05-04T14:28:00.000Z	Mega Greninja	loss	second	good	good	good	bench pressure|missed setup			Counter Catcher	testing	RB vessel check	Mega Greninja	Lost to Mega Greninja. bench pressure snowballed before Playtest 200 - Raging Bolt Lab stabilized.
6a33fd05-7722-42b8-846e-894d6bf0535a	Playtest 200 - Raging Bolt Lab	v2 Vessel Package	2026-05-05T15:41:00.000Z	Mega Greninja	tie	second	good	good	good	tempo loss	strong recovery			testing	RB vessel check	Mega Greninja	Mega Greninja tie. Need one cleaner turn to convert this sample into a read.
94428477-c746-4bb8-9599-2d65979f60df	Playtest 200 - Raging Bolt Lab	v3 Anti-Bench	2026-05-06T16:54:00.000Z	Mega Greninja	win	first	good	good	great		key tech mattered|strong recovery	Mimikyu		testing	RB anti-bench mission	Mega Greninja	Beat Mega Greninja. key tech mattered carried the middle turns.
110b0245-fd2d-4118-94ff-82f1c8b1c40a	Playtest 200 - Raging Bolt Lab	v3 Anti-Bench	2026-05-07T17:07:00.000Z	Mega Greninja	win	unknown	bad	great	okay		key tech mattered|strong recovery	Mimikyu		testing	RB anti-bench mission	Mega Greninja	v3 Anti-Bench held together into Mega Greninja. key tech mattered and strong recovery were real.
8872a42a-f366-49ab-b811-5bface1de218	Playtest 200 - Raging Bolt Lab	v3 Anti-Bench	2026-05-08T18:20:00.000Z	Mega Greninja	loss	first	good	good	good	bench pressure|missed setup			Switch Cart	testing	RB anti-bench mission	Mega Greninja	Another Mega Greninja loss. Need to review bench pressure before the next sample.
319dc972-4322-4d8d-b8f5-ff17eeda3342	Playtest 200 - Raging Bolt Lab	v3 Anti-Bench	2026-05-09T19:33:00.000Z	Mega Greninja	loss	second	good	great	good	bench pressure|missed setup			Switch Cart	testing	RB anti-bench mission	Mega Greninja	Lost to Mega Greninja. bench pressure snowballed before Playtest 200 - Raging Bolt Lab stabilized.
a6ac2c33-dbee-4f3a-ac88-893448730366	Playtest 200 - Raging Bolt Lab	v3 Anti-Bench	2026-05-10T09:46:00.000Z	Mega Greninja	loss	first	okay	good	okay	bench pressure|missed setup			Switch Cart	testing	RB anti-bench mission	Mega Greninja	v3 Anti-Bench dropped a game to Mega Greninja. bench pressure and missed setup showed up again.
7e31d545-0fe2-45aa-8cd0-5ee43b9516c9	Playtest 200 - Raging Bolt Lab	v3 Anti-Bench	2026-05-11T10:59:00.000Z	Mega Greninja	tie	second	good	good	bad					testing	RB anti-bench mission	Mega Greninja	Mega Greninja tie. Need one cleaner turn to convert this sample into a read.
a950fb6c-974e-4a07-b765-ed009b0f30a9	Playtest 200 - Raging Bolt Lab	v3 Anti-Bench	2026-05-12T11:12:00.000Z	Mega Greninja	loss	first	okay	great	bad	bench pressure|missed setup			Switch Cart	testing	RB anti-bench mission	Mega Greninja	Lost to Mega Greninja. bench pressure snowballed before Playtest 200 - Raging Bolt Lab stabilized.
e7b8c73d-5787-4538-acc1-82625efb5f40	Playtest 200 - Raging Bolt Lab	v3 Anti-Bench	2026-05-13T12:25:00.000Z	Mega Greninja	loss	second	okay	okay	good	bench pressure|missed setup			Switch Cart	testing	RB anti-bench mission	Mega Greninja	v3 Anti-Bench dropped a game to Mega Greninja. bench pressure and missed setup showed up again.
3da71072-e1db-408f-bb37-7a45e3a44be7	Playtest 200 - Raging Bolt Lab	v1 Turbo	2026-05-14T13:38:00.000Z	Dragapult Dusknoir	loss	unknown	bad	okay	great	missed setup			Lumineon V	testing	RB spread check		Lost to Dragapult Dusknoir. missed setup snowballed before Playtest 200 - Raging Bolt Lab stabilized.
1b266d76-23fc-4922-9440-c40584258d97	Playtest 200 - Raging Bolt Lab	v1 Turbo	2026-05-15T14:51:00.000Z	Dragapult Dusknoir	loss	second	okay	okay	great	missed setup|supporter drought			Lumineon V	testing	RB spread check		v1 Turbo dropped a game to Dragapult Dusknoir. missed setup and supporter drought showed up again.
0b46c6d2-c1d1-4aff-9ca4-d51f6734c2ca	Playtest 200 - Raging Bolt Lab	v1 Turbo	2026-05-16T15:04:00.000Z	Dragapult Dusknoir	loss	first	okay	bad	bad	missed setup|tempo loss			Lumineon V	testing	RB spread check		Another Dragapult Dusknoir loss. Need to review missed setup before the next sample.
5f443a01-0a1f-49bf-ba50-961da3df3e9d	Playtest 200 - Raging Bolt Lab	v1 Turbo	2026-05-17T16:17:00.000Z	Dragapult Dusknoir	tie	unknown	good	good	bad	tempo loss	strong recovery			testing	RB spread check		Dragapult Dusknoir tie. Need one cleaner turn to convert this sample into a read.
d35aab48-0d66-48bd-98bb-0eb3ee325484	Playtest 200 - Raging Bolt Lab	v1 Turbo	2026-05-18T17:30:00.000Z	Dragapult Dusknoir	win	first	bad	good	bad		good prize plan|key tech mattered	Teal Mask Ogerpon ex		testing	RB spread check		v1 Turbo held together into Dragapult Dusknoir. good prize plan and key tech mattered were real.
982671d3-1225-4508-8e69-61142ad94199	Playtest 200 - Raging Bolt Lab	v1 Turbo	2026-05-19T18:43:00.000Z	Dragapult Dusknoir	win	second	great	good	okay		good prize plan|favorable matchup	Teal Mask Ogerpon ex		testing	RB spread check		Win vs Dragapult Dusknoir. good prize plan mattered more than expected.
02bbc58e-95f9-4f34-b89e-7964f142bc5e	Playtest 200 - Raging Bolt Lab	v1 Turbo	2026-05-20T19:56:00.000Z	Dragapult Dusknoir	win	unknown	good	okay	good		good prize plan|favorable matchup	Teal Mask Ogerpon ex		testing	RB spread check		Beat Dragapult Dusknoir. good prize plan carried the middle turns.
94e80dcc-3b5c-469a-a828-63be4aec8f62	Playtest 200 - Raging Bolt Lab	v1 Turbo	2026-05-21T09:09:00.000Z	Dragapult Dusknoir	win	second	bad	good	good		good prize plan|strong recovery	Teal Mask Ogerpon ex		testing	RB spread check		v1 Turbo held together into Dragapult Dusknoir. good prize plan and strong recovery were real.
a8132406-675e-4bec-b304-a63e35bd6016	Playtest 200 - Raging Bolt Lab	v2 Vessel Package	2026-05-22T10:22:00.000Z	Charizard ex	win	first	good	good	good		Good Tech|strong recovery	Munkidori		competitive	League challenge		Beat Charizard ex. Good Tech carried the middle turns.
4b4b1e89-d469-4bc6-8cab-4f49f9d43386	Playtest 200 - Raging Bolt Lab	v2 Vessel Package	2026-05-23T11:35:00.000Z	Charizard ex	win	second	okay	good	good		Good Tech|favorable matchup	Munkidori		testing	RB charizard reps		v2 Vessel Package held together into Charizard ex. Good Tech and favorable matchup were real.
2dcc996c-db51-44f9-89b9-1890728522b6	Playtest 200 - Raging Bolt Lab	v2 Vessel Package	2026-05-24T12:48:00.000Z	Charizard ex	win	first	good	okay	good		Good Tech|strong recovery	Munkidori		testing	RB charizard reps		Win vs Charizard ex. Good Tech mattered more than expected.
59ccb65e-08b7-4c95-ae8c-93fc5497e6f1	Playtest 200 - Raging Bolt Lab	v2 Vessel Package	2026-05-25T13:01:00.000Z	Charizard ex	win	second	good	good	good		Good Tech|strong recovery	Munkidori		testing	RB charizard reps		Beat Charizard ex. Good Tech carried the middle turns.
20a0dfc5-a6e9-4536-ac87-709615528cf8	Playtest 200 - Raging Bolt Lab	v2 Vessel Package	2026-05-26T14:14:00.000Z	Charizard ex	win	first	good	okay	good		Good Tech|favorable matchup	Munkidori		competitive	League challenge		v2 Vessel Package held together into Charizard ex. Good Tech and favorable matchup were real.
85bbcb8b-79bf-4783-9185-2b21ac992f00	Playtest 200 - Raging Bolt Lab	v2 Vessel Package	2026-05-27T15:27:00.000Z	Charizard ex	loss	second	great	bad	good	poor prize trade			Boss's Orders	testing	RB charizard reps		Another Charizard ex loss. Need to review poor prize trade before the next sample.
07a7747e-c3f9-456f-90a5-1b99d7374e4c	Playtest 200 - Raging Bolt Lab	v2 Vessel Package	2026-05-28T16:40:00.000Z	Charizard ex	loss	first	good	good	great	poor prize trade|supporter drought			Boss's Orders	testing	RB charizard reps		Lost to Charizard ex. poor prize trade snowballed before Playtest 200 - Raging Bolt Lab stabilized.
f3c917d0-11aa-4dcc-bd12-f25a1cdb5687	Playtest 200 - Raging Bolt Lab	v2 Vessel Package	2026-05-29T17:53:00.000Z	Charizard ex	tie	second	great	okay	good	supporter drought	good prize plan			testing	RB charizard reps		Charizard ex tie. Need one cleaner turn to convert this sample into a read.
081eef01-893d-4d04-82fe-a916604308f6	Playtest 200 - Raging Bolt Lab	v3 Anti-Bench	2026-05-30T18:06:00.000Z	Rogue decks	win	unknown	good	okay	good		favorable matchup|strong recovery			testing	RB rogue sweep		Beat Rogue decks. favorable matchup carried the middle turns.
9a1fdac9-41d0-47b9-86ff-4c96ffa30073	Playtest 200 - Raging Bolt Lab	v3 Anti-Bench	2026-05-31T19:19:00.000Z	Rogue decks	win	unknown	great	bad	good		favorable matchup|strong recovery			testing	RB rogue sweep		v3 Anti-Bench held together into Rogue decks. favorable matchup and strong recovery were real.
20bf5d1c-28a5-4d29-bbb0-6566e6b64a11	Playtest 200 - Raging Bolt Lab	v3 Anti-Bench	2026-06-01T09:32:00.000Z	Rogue decks	win	unknown	good	great	okay		favorable matchup|strong recovery			testing	RB rogue sweep		Win vs Rogue decks. favorable matchup mattered more than expected.
99212688-c1d4-4f26-b786-f3bcfedd0a09	Playtest 200 - Raging Bolt Lab	v3 Anti-Bench	2026-06-02T10:45:00.000Z	Rogue decks	tie	unknown	good	bad	great					testing	RB rogue sweep		Rogue decks tie. Need one cleaner turn to convert this sample into a read.
84566efd-fc58-4081-81b7-e11af85869e0	Playtest 200 - Raging Bolt Lab	v3 Anti-Bench	2026-06-03T11:58:00.000Z	Rogue decks	loss	unknown	great	okay	great	matchup knowledge|poor prize trade				testing	RB rogue sweep		v3 Anti-Bench dropped a game to Rogue decks. matchup knowledge and poor prize trade showed up again.
4740343f-ac11-4cdd-b860-e614e94d6f2f	Playtest 200 - Raging Bolt Lab	v3 Anti-Bench	2026-06-04T12:11:00.000Z	Rogue decks	loss	unknown	okay	okay	okay	matchup knowledge|missed setup				testing	RB rogue sweep		Another Rogue decks loss. Need to review matchup knowledge before the next sample.
d9459073-53db-4c55-b188-15c174ce0084	Playtest 200 - Raging Bolt Lab	v3 Anti-Bench	2026-06-05T13:24:00.000Z	Raging Bolt	win	second	good	great	good		clean sequencing|favorable matchup			testing	RB mirror work		Beat Raging Bolt. clean sequencing carried the middle turns.
23efb6d3-35fe-40a8-9b66-b939f899bf3c	Playtest 200 - Raging Bolt Lab	v3 Anti-Bench	2026-06-06T14:37:00.000Z	Raging Bolt	win	first	good	good	good		clean sequencing|favorable matchup			testing	RB mirror work		v3 Anti-Bench held together into Raging Bolt. clean sequencing and favorable matchup were real.
9c363b4e-bd42-42a4-be7a-e5ed20cb9784	Playtest 200 - Raging Bolt Lab	v3 Anti-Bench	2026-06-07T15:50:00.000Z	Raging Bolt	win	first	great	good	bad		clean sequencing|key tech mattered			testing	RB mirror work		Win vs Raging Bolt. clean sequencing mattered more than expected.
f1029e02-5ec1-4b28-896d-de7d676cdb4f	Playtest 200 - Raging Bolt Lab	v3 Anti-Bench	2026-06-08T16:03:00.000Z	Raging Bolt	loss	second	good	bad	bad	prize map error|poor prize trade				testing	RB mirror work		Lost to Raging Bolt. prize map error snowballed before Playtest 200 - Raging Bolt Lab stabilized.
a97e8400-8bd9-493e-826a-5cd73dceae45	Playtest 200 - Raging Bolt Lab	v3 Anti-Bench	2026-06-09T17:16:00.000Z	Raging Bolt	loss	first	okay	good	okay	prize map error|tempo loss				testing	RB mirror work		v3 Anti-Bench dropped a game to Raging Bolt. prize map error and tempo loss showed up again.
6258b7a2-d1b6-4716-9797-b4c1eadf4d5b	Playtest 200 - Raging Bolt Lab	v3 Anti-Bench	2026-06-10T18:29:00.000Z	Raging Bolt	tie	first	good	good	bad	tempo loss				testing	RB mirror work		Raging Bolt tie. Need one cleaner turn to convert this sample into a read.
eebf1228-cac3-4b3d-aa9e-e7c7b5d9a449	Playtest 200 - Raging Bolt Lab	v3 Anti-Bench	2026-06-11T19:42:00.000Z	Mega Greninja	win	second	good	good	good		key tech mattered|strong recovery	Manaphy		testing	RB anti-bench follow-up	Mega Greninja	Beat Mega Greninja. key tech mattered carried the middle turns.
6f7e075a-9c55-4cb4-bc90-ac4a609d8e49	Playtest 200 - Raging Bolt Lab	v3 Anti-Bench	2026-06-12T09:55:00.000Z	Mega Greninja	win	unknown	okay	okay	good		key tech mattered|favorable matchup	Manaphy		testing	RB anti-bench follow-up	Mega Greninja	v3 Anti-Bench held together into Mega Greninja. key tech mattered and favorable matchup were real.
02df208b-6fc4-424f-b5d9-8198c6861b6f	Playtest 200 - Raging Bolt Lab	v3 Anti-Bench	2026-04-18T10:08:00.000Z	Mega Greninja	loss	second	bad	okay	okay	bench pressure|missed setup			Prime Catcher	testing	RB anti-bench follow-up	Mega Greninja	Another Mega Greninja loss. Need to review bench pressure before the next sample.
ffe26cd8-cc9c-421f-9bf6-f5e751155f67	Playtest 200 - Raging Bolt Lab	v3 Anti-Bench	2026-04-19T11:21:00.000Z	Mega Greninja	loss	unknown	great	okay	bad	bench pressure|missed setup			Prime Catcher	testing	RB anti-bench follow-up	Mega Greninja	Lost to Mega Greninja. bench pressure snowballed before Playtest 200 - Raging Bolt Lab stabilized.
fb6c37aa-48c1-409c-9e6d-797e71fd4ce0	Playtest 200 - Raging Bolt Lab	v3 Anti-Bench	2026-04-20T12:34:00.000Z	Mega Greninja	loss	second	okay	good	okay	bench pressure|missed setup			Prime Catcher	testing	RB anti-bench follow-up	Mega Greninja	v3 Anti-Bench dropped a game to Mega Greninja. bench pressure and missed setup showed up again.
08e63b57-d996-4190-9875-b93ff288f023	Playtest 200 - Raging Bolt Lab	v3 Anti-Bench	2026-04-21T13:47:00.000Z	Mega Greninja	tie	unknown	good	good	okay	tempo loss	good prize plan			testing	RB anti-bench follow-up	Mega Greninja	Mega Greninja tie. Need one cleaner turn to convert this sample into a read.
ad486442-58c4-4706-83e2-2accd3a14b6e	Playtest 200 - Raging Bolt Lab	v3 Anti-Bench	2026-04-22T14:00:00.000Z	Dragapult Dusknoir	win	unknown	good	good	good		strong setup|key tech mattered			testing	RB spread volume		Beat Dragapult Dusknoir. strong setup carried the middle turns.
de061064-f539-4d44-b2cc-599fc8aa8043	Playtest 200 - Raging Bolt Lab	v3 Anti-Bench	2026-04-23T15:13:00.000Z	Dragapult Dusknoir	win	second	good	good	great		strong setup|favorable matchup			testing	RB spread volume		v3 Anti-Bench held together into Dragapult Dusknoir. strong setup and favorable matchup were real.
9046767a-4a48-4562-9f44-a9b993278c84	Playtest 200 - Raging Bolt Lab	v3 Anti-Bench	2026-04-24T16:26:00.000Z	Dragapult Dusknoir	win	first	okay	okay	okay		strong setup|strong recovery			testing	RB spread volume		Win vs Dragapult Dusknoir. strong setup mattered more than expected.
1f7ce30b-f0e3-462d-ac90-850cadf37ad8	Playtest 200 - Raging Bolt Lab	v3 Anti-Bench	2026-04-25T17:39:00.000Z	Dragapult Dusknoir	win	second	okay	bad	good		strong setup|key tech mattered			testing	RB spread volume		Beat Dragapult Dusknoir. strong setup carried the middle turns.
1e5ea335-a38e-437f-91b4-ed6f418d9804	Playtest 200 - Raging Bolt Lab	v3 Anti-Bench	2026-04-26T18:52:00.000Z	Dragapult Dusknoir	win	unknown	good	great	okay		strong setup|key tech mattered			testing	RB spread volume		v3 Anti-Bench held together into Dragapult Dusknoir. strong setup and key tech mattered were real.
d7dde111-8b60-4adb-9c14-ff9e93269e76	Playtest 200 - Raging Bolt Lab	v3 Anti-Bench	2026-04-27T19:05:00.000Z	Dragapult Dusknoir	win	second	good	great	okay		strong setup|favorable matchup			testing	RB spread volume		Win vs Dragapult Dusknoir. strong setup mattered more than expected.
76443f30-a352-498e-9993-4e0d8567ba33	Playtest 200 - Raging Bolt Lab	v3 Anti-Bench	2026-04-28T09:18:00.000Z	Dragapult Dusknoir	win	first	bad	good	okay		strong setup|strong recovery			testing	RB spread volume		Beat Dragapult Dusknoir. strong setup carried the middle turns.
c28f4808-0f9a-431e-993d-6b84d7734282	Playtest 200 - Raging Bolt Lab	v3 Anti-Bench	2026-04-29T10:31:00.000Z	Dragapult Dusknoir	loss	second	okay	great	good	tempo loss				testing	RB spread volume		v3 Anti-Bench dropped a game to Dragapult Dusknoir. tempo loss showed up again.
4275f2b6-cdda-4f77-b09c-244f260e434b	Playtest 200 - Raging Bolt Lab	v3 Anti-Bench	2026-04-30T11:44:00.000Z	Dragapult Dusknoir	loss	unknown	bad	good	good	tempo loss|supporter drought				testing	RB spread volume		Another Dragapult Dusknoir loss. Need to review tempo loss before the next sample.
35ab207f-3b55-4d3a-a7ef-7bb723b1a274	Playtest 200 - Raging Bolt Lab	v3 Anti-Bench	2026-05-01T12:57:00.000Z	Dragapult Dusknoir	loss	second	good	bad	good	tempo loss				testing	RB spread volume		Lost to Dragapult Dusknoir. tempo loss snowballed before Playtest 200 - Raging Bolt Lab stabilized.
d6339170-efed-48f8-a08e-ddaaf3b892f4	Playtest 200 - Raging Bolt Lab	v3 Anti-Bench	2026-05-02T13:10:00.000Z	Dragapult Dusknoir	tie	first	good	bad	good	tempo loss	good prize plan			testing	RB spread volume		Timed tie vs Dragapult Dusknoir. Game stayed close but the prize race never broke open.
b951d5a2-c5e0-41db-a215-359f091db81c	Playtest 200 - Raging Bolt Lab	v3 Anti-Bench	2026-05-03T14:23:00.000Z	Dragapult Dusknoir	win	second	good	good	good		strong setup|favorable matchup			testing	RB spread volume		Win vs Dragapult Dusknoir. strong setup mattered more than expected.
30226458-b86d-4e56-8b73-ea8ba0b885cc	Playtest 200 - Dragapult Dusknoir	v1 Bare Bones	2026-05-04T15:36:00.000Z	Raging Bolt	loss	unknown	good	okay	bad	bad sequencing|tempo loss			Rare Candy	testing	Dragapult shell audit		Lost to Raging Bolt. bad sequencing snowballed before Playtest 200 - Dragapult Dusknoir stabilized.
13295bee-668e-4d1b-9746-b0bf06c91379	Playtest 200 - Dragapult Dusknoir	v1 Bare Bones	2026-05-05T16:49:00.000Z	Raging Bolt	loss	second	good	okay	bad	bad sequencing|tempo loss			Rare Candy	testing	Dragapult shell audit		v1 Bare Bones dropped a game to Raging Bolt. bad sequencing and tempo loss showed up again.
f26a37f3-9d6f-448e-a717-02376c9606c3	Playtest 200 - Dragapult Dusknoir	v1 Bare Bones	2026-05-06T17:02:00.000Z	Raging Bolt	loss	first	bad	good	good	bad sequencing|tempo loss			Rare Candy	testing	Dragapult shell audit		Another Raging Bolt loss. Need to review bad sequencing before the next sample.
9593e0fd-8995-41d1-ac65-bb8f4c45a7ee	Playtest 200 - Dragapult Dusknoir	v1 Bare Bones	2026-05-07T18:15:00.000Z	Raging Bolt	loss	unknown	great	good	bad	bad sequencing|tempo loss			Rare Candy	testing	Dragapult shell audit		Lost to Raging Bolt. bad sequencing snowballed before Playtest 200 - Dragapult Dusknoir stabilized.
643dae35-9722-4b3e-87bb-b7ad29602821	Playtest 200 - Dragapult Dusknoir	v1 Bare Bones	2026-05-08T19:28:00.000Z	Raging Bolt	loss	first	okay	good	bad	bad sequencing|tempo loss			Rare Candy	testing	Dragapult shell audit		v1 Bare Bones dropped a game to Raging Bolt. bad sequencing and tempo loss showed up again.
afdaca43-beb4-411d-b70a-bac0d8cb648b	Playtest 200 - Dragapult Dusknoir	v1 Bare Bones	2026-05-09T09:41:00.000Z	Raging Bolt	loss	second	okay	good	okay	bad sequencing|tempo loss			Rare Candy	testing	Dragapult shell audit		Another Raging Bolt loss. Need to review bad sequencing before the next sample.
8435ce0a-e65e-4ed6-8555-2e41e2ac11f1	Playtest 200 - Dragapult Dusknoir	v1 Bare Bones	2026-05-10T10:54:00.000Z	Raging Bolt	tie	unknown	bad	good	great	supporter drought	strong recovery			testing	Dragapult shell audit		Timed tie vs Raging Bolt. Game stayed close but the prize race never broke open.
5f3d6578-a9f9-47fe-a14e-c2fd772cff08	Playtest 200 - Dragapult Dusknoir	v1 Bare Bones	2026-05-11T11:07:00.000Z	Raging Bolt	win	second	great	bad	okay		Good Tech|strong recovery	Dusknoir		testing	Dragapult shell audit		v1 Bare Bones held together into Raging Bolt. Good Tech and strong recovery were real.
70b888fd-f5a8-48eb-a030-a0f9b0faf15f	Playtest 200 - Dragapult Dusknoir	v1 Bare Bones	2026-05-12T12:20:00.000Z	Raging Bolt	win	first	okay	good	okay		Good Tech|key tech mattered	Dusknoir		testing	Dragapult shell audit		Win vs Raging Bolt. Good Tech mattered more than expected.
fcd87c33-11cd-4232-bbb4-351a18e61775	Playtest 200 - Dragapult Dusknoir	v1 Bare Bones	2026-05-13T13:33:00.000Z	Raging Bolt	win	unknown	okay	okay	great		Good Tech|key tech mattered	Dusknoir		testing	Dragapult shell audit		Beat Raging Bolt. Good Tech carried the middle turns.
d08784b1-8f25-4376-b0cb-3c74794c411d	Playtest 200 - Dragapult Dusknoir	v1 Bare Bones	2026-05-14T14:46:00.000Z	Raging Bolt	win	first	okay	good	okay		Good Tech|favorable matchup	Dusknoir		testing	Dragapult shell audit		v1 Bare Bones held together into Raging Bolt. Good Tech and favorable matchup were real.
cbed5de9-e799-4e37-b29b-8a16f621155c	Playtest 200 - Dragapult Dusknoir	v1 Bare Bones	2026-05-15T15:59:00.000Z	Raging Bolt	win	second	good	good	good		Good Tech|favorable matchup	Dusknoir		testing	Dragapult shell audit		Win vs Raging Bolt. Good Tech mattered more than expected.
588b3577-419d-498b-838c-d7c27e5073c5	Playtest 200 - Dragapult Dusknoir	v2 Consistency	2026-05-16T16:12:00.000Z	Mega Greninja	loss	first	great	good	great	missed setup|bad sequencing		Dusknoir		testing	Dragapult consistency check		Lost to Mega Greninja. missed setup snowballed before Playtest 200 - Dragapult Dusknoir stabilized.
87133a68-e630-4157-823d-77ecf934b397	Playtest 200 - Dragapult Dusknoir	v2 Consistency	2026-05-17T17:25:00.000Z	Mega Greninja	loss	second	bad	bad	okay	missed setup|bad sequencing		Dusknoir		testing	Dragapult consistency check		v2 Consistency dropped a game to Mega Greninja. missed setup and bad sequencing showed up again.
d00617b6-d383-403f-8a28-aa06c2bcdb41	Playtest 200 - Dragapult Dusknoir	v2 Consistency	2026-05-18T18:38:00.000Z	Mega Greninja	loss	first	bad	okay	good	missed setup|bad sequencing		Dusknoir		testing	Dragapult consistency check		Another Mega Greninja loss. Need to review missed setup before the next sample.
1b0b074b-44fe-470d-b994-5fbd91229b48	Playtest 200 - Dragapult Dusknoir	v2 Consistency	2026-05-19T19:51:00.000Z	Mega Greninja	loss	second	good	okay	good	missed setup|bad sequencing		Dusknoir		testing	Dragapult consistency check		Lost to Mega Greninja. missed setup snowballed before Playtest 200 - Dragapult Dusknoir stabilized.
abf3ae01-6d74-445a-80a7-5ef4c2569022	Playtest 200 - Dragapult Dusknoir	v2 Consistency	2026-05-20T09:04:00.000Z	Mega Greninja	tie	first	okay	great	good	tempo loss	strong recovery	Dusknoir		testing	Dragapult consistency check		Timed tie vs Mega Greninja. Game stayed close but the prize race never broke open.
319850be-7c99-4958-812c-1b264e5ea1e0	Playtest 200 - Dragapult Dusknoir	v2 Consistency	2026-05-21T10:17:00.000Z	Mega Greninja	win	second	good	good	bad		Good Tech|clean sequencing	Dusknoir		testing	Dragapult consistency check		Win vs Mega Greninja. Good Tech mattered more than expected.
d10291f7-2c3a-4830-93ed-60243e536244	Playtest 200 - Dragapult Dusknoir	v2 Consistency	2026-05-22T11:30:00.000Z	Mega Greninja	win	first	good	good	okay		Good Tech|clean sequencing	Dusknoir		testing	Dragapult consistency check		Beat Mega Greninja. Good Tech carried the middle turns.
bb6c689c-9d68-473e-b6b6-70c3c66d64bb	Playtest 200 - Dragapult Dusknoir	v2 Consistency	2026-05-23T12:43:00.000Z	Mega Greninja	win	second	bad	great	good		Good Tech|clean sequencing	Dusknoir		testing	Dragapult consistency check		v2 Consistency held together into Mega Greninja. Good Tech and clean sequencing were real.
a7a8d866-016c-4742-9a54-6ffaf5c45f11	Playtest 200 - Dragapult Dusknoir	v2 Consistency	2026-05-24T13:56:00.000Z	Mega Greninja	win	first	good	bad	okay		Good Tech|clean sequencing	Dusknoir		testing	Dragapult consistency check		Win vs Mega Greninja. Good Tech mattered more than expected.
da7af6ce-e4a2-4be8-a3d5-715e97bc3cfe	Playtest 200 - Dragapult Dusknoir	v2 Consistency	2026-05-25T14:09:00.000Z	Mega Greninja	win	second	good	bad	great		Good Tech|clean sequencing	Dusknoir		testing	Dragapult consistency check		Beat Mega Greninja. Good Tech carried the middle turns.
5ab2b0bf-121f-46bc-bba3-b6cd2278f998	Playtest 200 - Dragapult Dusknoir	v2 Consistency	2026-05-26T15:22:00.000Z	Charizard ex	win	second	great	bad	good		good prize plan|strong recovery			testing	Dragapult vs zard		Beat Charizard ex. good prize plan carried the middle turns.
725886df-87ec-47a9-a65a-ca388ec8318c	Playtest 200 - Dragapult Dusknoir	v2 Consistency	2026-05-27T16:35:00.000Z	Charizard ex	win	first	bad	good	good		good prize plan|strong recovery			testing	Dragapult vs zard		v2 Consistency held together into Charizard ex. good prize plan and strong recovery were real.
cbfb9987-f55e-4978-9048-06d75d5909b6	Playtest 200 - Dragapult Dusknoir	v2 Consistency	2026-05-28T17:48:00.000Z	Charizard ex	win	second	good	okay	okay		good prize plan|favorable matchup			testing	Dragapult vs zard		Win vs Charizard ex. good prize plan mattered more than expected.
b3a408cf-7aa5-41c3-ae91-d9bfd62eb8c5	Playtest 200 - Dragapult Dusknoir	v2 Consistency	2026-05-29T18:01:00.000Z	Charizard ex	win	first	good	bad	good		good prize plan|strong recovery			testing	Dragapult vs zard		Beat Charizard ex. good prize plan carried the middle turns.
dcf76a00-9ec4-4107-8c0e-c3b72509ec8a	Playtest 200 - Dragapult Dusknoir	v2 Consistency	2026-05-30T19:14:00.000Z	Charizard ex	loss	second	okay	bad	bad	poor prize trade|supporter drought				testing	Dragapult vs zard		v2 Consistency dropped a game to Charizard ex. poor prize trade and supporter drought showed up again.
564e0abb-b19c-4076-a48b-99d417116a43	Playtest 200 - Dragapult Dusknoir	v2 Consistency	2026-05-31T09:27:00.000Z	Charizard ex	loss	first	bad	bad	good	poor prize trade|tempo loss				testing	Dragapult vs zard		Another Charizard ex loss. Need to review poor prize trade before the next sample.
bb86f4bc-8285-47d3-8e30-a90acdaf2f7d	Playtest 200 - Dragapult Dusknoir	v2 Consistency	2026-06-01T10:40:00.000Z	Charizard ex	tie	second	good	great	great	supporter drought				testing	Dragapult vs zard		Timed tie vs Charizard ex. Game stayed close but the prize race never broke open.
e5d743ad-8e5a-4d06-bbaa-bdc6a48ea935	Playtest 200 - Dragapult Dusknoir	v2 Consistency	2026-06-02T11:53:00.000Z	Charizard ex	win	first	bad	good	okay		good prize plan|favorable matchup			testing	Dragapult vs zard		v2 Consistency held together into Charizard ex. good prize plan and favorable matchup were real.
302dd93a-a4d5-493f-b012-204cc96bf934	Playtest 200 - Dragapult Dusknoir	v3 Prize Mapping	2026-06-03T12:06:00.000Z	Rogue decks	win	unknown	okay	good	okay		Good Tech|favorable matchup	Dragapult ex		testing	Prize map reps		Beat Rogue decks. Good Tech carried the middle turns.
3b5be6df-dea4-43ca-a842-07b8d76ae8cc	Playtest 200 - Dragapult Dusknoir	v3 Prize Mapping	2026-06-04T13:19:00.000Z	Rogue decks	win	second	good	good	bad		Good Tech|strong recovery	Dragapult ex		testing	Prize map reps		v3 Prize Mapping held together into Rogue decks. Good Tech and strong recovery were real.
65cb0499-f2c4-435e-a701-866cc5135e7a	Playtest 200 - Dragapult Dusknoir	v3 Prize Mapping	2026-06-05T14:32:00.000Z	Rogue decks	win	first	good	good	good		Good Tech|strong recovery	Dragapult ex		testing	Prize map reps		Win vs Rogue decks. Good Tech mattered more than expected.
79d4c2be-9d78-471e-8de9-7e664c831bd5	Playtest 200 - Dragapult Dusknoir	v3 Prize Mapping	2026-06-06T15:45:00.000Z	Rogue decks	win	second	great	good	good		Good Tech|favorable matchup	Dragapult ex		testing	Prize map reps		Beat Rogue decks. Good Tech carried the middle turns.
a8bfb6c6-09f8-4a27-8543-29cbda9ad53d	Playtest 200 - Dragapult Dusknoir	v3 Prize Mapping	2026-06-07T16:58:00.000Z	Rogue decks	loss	unknown	bad	good	okay	prize map error|missed setup		Dragapult ex		testing	Prize map reps		v3 Prize Mapping dropped a game to Rogue decks. prize map error and missed setup showed up again.
3689e20c-6873-4b28-a7a5-d2516a0d28c5	Playtest 200 - Dragapult Dusknoir	v3 Prize Mapping	2026-06-08T17:11:00.000Z	Rogue decks	loss	second	great	okay	okay	prize map error|poor prize trade		Dragapult ex		testing	Prize map reps		Another Rogue decks loss. Need to review prize map error before the next sample.
aef0fb8b-1a36-4267-92ea-de47e688a5e0	Playtest 200 - Dragapult Dusknoir	v3 Prize Mapping	2026-06-09T18:24:00.000Z	Rogue decks	loss	first	good	good	okay	prize map error|poor prize trade		Dragapult ex		testing	Prize map reps		Lost to Rogue decks. prize map error snowballed before Playtest 200 - Dragapult Dusknoir stabilized.
605b7a81-8c0a-4636-8567-8a713581c2f8	Playtest 200 - Dragapult Dusknoir	v3 Prize Mapping	2026-06-10T19:37:00.000Z	Rogue decks	tie	second	good	bad	good	tempo loss	strong recovery	Dragapult ex		testing	Prize map reps		Rogue decks tie. Need one cleaner turn to convert this sample into a read.
bd927432-47ee-4d2a-a331-7906df3fe327	Playtest 200 - Dragapult Dusknoir	v3 Prize Mapping	2026-06-11T09:50:00.000Z	Rogue decks	win	unknown	good	great	good		Good Tech|key tech mattered	Dragapult ex		testing	Prize map reps		Win vs Rogue decks. Good Tech mattered more than expected.
031740b1-06f6-4880-8732-2e31e5beace9	Playtest 200 - Dragapult Dusknoir	v3 Prize Mapping	2026-06-12T10:03:00.000Z	Rogue decks	win	second	good	good	good		Good Tech|key tech mattered	Dragapult ex		testing	Prize map reps		Beat Rogue decks. Good Tech carried the middle turns.
117e798e-6592-4421-9526-c9a2d4974743	Playtest 200 - Mega Greninja Tempo	v1 Raw Tempo	2026-04-18T11:16:00.000Z	Raging Bolt	win	unknown	great	good	good		key tech mattered|strong setup	Greninja ex		competitive	Sunday locals	Raging Bolt	Beat Raging Bolt. key tech mattered carried the middle turns.
99b3534f-1184-4c3e-be3d-8d0070053c1f	Playtest 200 - Mega Greninja Tempo	v1 Raw Tempo	2026-04-19T12:29:00.000Z	Raging Bolt	win	second	good	bad	great		key tech mattered|strong setup	Greninja ex		testing	Greninja tempo week 1	Raging Bolt	v1 Raw Tempo held together into Raging Bolt. key tech mattered and strong setup were real.
709bb5df-5487-466f-9a24-df8f3e89a2ab	Playtest 200 - Mega Greninja Tempo	v1 Raw Tempo	2026-04-20T13:42:00.000Z	Raging Bolt	win	first	good	bad	good		key tech mattered|strong setup	Greninja ex		testing	Greninja tempo week 1	Raging Bolt	Win vs Raging Bolt. key tech mattered mattered more than expected.
b4da9a1c-1a88-4518-80af-5cdbafb5d9c0	Playtest 200 - Mega Greninja Tempo	v1 Raw Tempo	2026-04-21T14:55:00.000Z	Raging Bolt	win	second	good	good	okay		key tech mattered|strong setup	Greninja ex		testing	Greninja tempo week 1	Raging Bolt	Beat Raging Bolt. key tech mattered carried the middle turns.
9ade3ca8-065f-4572-a890-248f6196c45e	Playtest 200 - Mega Greninja Tempo	v1 Raw Tempo	2026-04-22T15:08:00.000Z	Raging Bolt	win	first	great	okay	good		key tech mattered|strong setup	Greninja ex		competitive	Sunday locals	Raging Bolt	v1 Raw Tempo held together into Raging Bolt. key tech mattered and strong setup were real.
aad921b1-acc4-4353-81ca-4c72e7d0b11a	Playtest 200 - Mega Greninja Tempo	v1 Raw Tempo	2026-04-23T16:21:00.000Z	Raging Bolt	win	unknown	good	good	bad		key tech mattered|strong setup	Greninja ex		testing	Greninja tempo week 1	Raging Bolt	Win vs Raging Bolt. key tech mattered mattered more than expected.
e54a4d9e-5558-4a65-a4e2-870f70b3b65b	Playtest 200 - Mega Greninja Tempo	v1 Raw Tempo	2026-04-24T17:34:00.000Z	Raging Bolt	win	first	bad	bad	good		key tech mattered|strong setup	Greninja ex		testing	Greninja tempo week 1	Raging Bolt	Beat Raging Bolt. key tech mattered carried the middle turns.
7195b1c8-2a31-44f2-98af-06cfbe680e86	Playtest 200 - Mega Greninja Tempo	v1 Raw Tempo	2026-04-25T18:47:00.000Z	Raging Bolt	win	second	great	bad	okay		key tech mattered|strong setup	Greninja ex		testing	Greninja tempo week 1	Raging Bolt	v1 Raw Tempo held together into Raging Bolt. key tech mattered and strong setup were real.
5af57189-8a59-4471-91a7-4887f3ed3e54	Playtest 200 - Mega Greninja Tempo	v1 Raw Tempo	2026-04-26T19:00:00.000Z	Raging Bolt	win	first	good	great	okay		key tech mattered|strong setup	Greninja ex		competitive	Sunday locals	Raging Bolt	Win vs Raging Bolt. key tech mattered mattered more than expected.
d1ae2d5c-b8c2-4458-8eea-3651deaef415	Playtest 200 - Mega Greninja Tempo	v1 Raw Tempo	2026-04-27T09:13:00.000Z	Raging Bolt	loss	second	good	great	okay	supporter drought|poor prize trade			Pidgeot ex	testing	Greninja tempo week 1	Raging Bolt	Lost to Raging Bolt. supporter drought snowballed before Playtest 200 - Mega Greninja Tempo stabilized.
258ee6a9-47cc-4b34-9b9c-d056e6b878e8	Playtest 200 - Mega Greninja Tempo	v1 Raw Tempo	2026-04-28T10:26:00.000Z	Raging Bolt	loss	unknown	bad	good	good	supporter drought|missed setup			Pidgeot ex	testing	Greninja tempo week 1	Raging Bolt	v1 Raw Tempo dropped a game to Raging Bolt. supporter drought and missed setup showed up again.
f4c2588a-8974-41ea-95da-85ad3fce82af	Playtest 200 - Mega Greninja Tempo	v1 Raw Tempo	2026-04-29T11:39:00.000Z	Raging Bolt	loss	second	good	bad	good	supporter drought|poor prize trade			Pidgeot ex	testing	Greninja tempo week 1	Raging Bolt	Another Raging Bolt loss. Need to review supporter drought before the next sample.
18ca1425-802b-4c50-aebf-caf719b7a958	Playtest 200 - Mega Greninja Tempo	v1 Raw Tempo	2026-04-30T12:52:00.000Z	Raging Bolt	tie	first	good	great	great		strong recovery			competitive	Sunday locals	Raging Bolt	Timed tie vs Raging Bolt. Game stayed close but the prize race never broke open.
2791a701-1888-41f5-b010-6c809c640dea	Playtest 200 - Mega Greninja Tempo	v1 Raw Tempo	2026-05-01T13:05:00.000Z	Raging Bolt	win	second	great	okay	good		key tech mattered|strong setup	Greninja ex		testing	Greninja tempo week 1	Raging Bolt	v1 Raw Tempo held together into Raging Bolt. key tech mattered and strong setup were real.
576e30d0-af65-436a-939b-4a3c738d8353	Playtest 200 - Mega Greninja Tempo	v2 Cleaner Counts	2026-05-02T14:18:00.000Z	Raging Bolt	win	second	great	bad	good		key tech mattered|strong recovery	Pidgeot ex		testing	Greninja refined reps	Raging Bolt	Beat Raging Bolt. key tech mattered carried the middle turns.
5db54df8-069f-419d-9631-89f4fd75135e	Playtest 200 - Mega Greninja Tempo	v2 Cleaner Counts	2026-05-03T15:31:00.000Z	Raging Bolt	win	first	great	okay	okay		key tech mattered|strong recovery	Pidgeot ex		testing	Greninja refined reps	Raging Bolt	v2 Cleaner Counts held together into Raging Bolt. key tech mattered and strong recovery were real.
58b3d467-d4fd-4749-832c-a17b50a4bd7b	Playtest 200 - Mega Greninja Tempo	v2 Cleaner Counts	2026-05-04T16:44:00.000Z	Raging Bolt	win	second	great	good	good		key tech mattered|strong recovery	Pidgeot ex		testing	Greninja refined reps	Raging Bolt	Win vs Raging Bolt. key tech mattered mattered more than expected.
a84728d8-0d5a-4340-ace0-4d4905f1a156	Playtest 200 - Mega Greninja Tempo	v2 Cleaner Counts	2026-05-05T17:57:00.000Z	Raging Bolt	win	first	great	great	bad		key tech mattered|strong recovery	Pidgeot ex		testing	Greninja refined reps	Raging Bolt	Beat Raging Bolt. key tech mattered carried the middle turns.
66024212-7bb4-4d34-ba51-afc09e2df1a0	Playtest 200 - Mega Greninja Tempo	v2 Cleaner Counts	2026-05-06T18:10:00.000Z	Raging Bolt	win	second	good	bad	great		key tech mattered|strong recovery	Pidgeot ex		testing	Greninja refined reps	Raging Bolt	v2 Cleaner Counts held together into Raging Bolt. key tech mattered and strong recovery were real.
83dc5ddd-9d31-4796-96b6-b8ec82d7b526	Playtest 200 - Mega Greninja Tempo	v2 Cleaner Counts	2026-05-07T19:23:00.000Z	Raging Bolt	win	first	good	okay	okay		key tech mattered|strong recovery	Pidgeot ex		testing	Greninja refined reps	Raging Bolt	Win vs Raging Bolt. key tech mattered mattered more than expected.
b4d56c02-2c9e-4c07-97e9-e6914a71c100	Playtest 200 - Mega Greninja Tempo	v2 Cleaner Counts	2026-05-08T09:36:00.000Z	Raging Bolt	win	second	good	okay	good		key tech mattered|strong recovery	Pidgeot ex		testing	Greninja refined reps	Raging Bolt	Beat Raging Bolt. key tech mattered carried the middle turns.
7e165efe-116c-4fe7-a90b-7906cbdfd4b1	Playtest 200 - Mega Greninja Tempo	v2 Cleaner Counts	2026-05-09T10:49:00.000Z	Raging Bolt	loss	first	okay	bad	good	poor prize trade			Counter Catcher	testing	Greninja refined reps	Raging Bolt	v2 Cleaner Counts dropped a game to Raging Bolt. poor prize trade showed up again.
5a706471-cbff-4cbd-986d-57da323ab5bc	Playtest 200 - Mega Greninja Tempo	v2 Cleaner Counts	2026-05-10T11:02:00.000Z	Raging Bolt	loss	second	good	great	good	poor prize trade|supporter drought			Counter Catcher	testing	Greninja refined reps	Raging Bolt	Another Raging Bolt loss. Need to review poor prize trade before the next sample.
44d72dee-6ed0-49a5-b3da-a84526ba101f	Playtest 200 - Mega Greninja Tempo	v2 Cleaner Counts	2026-05-11T12:15:00.000Z	Raging Bolt	tie	first	good	okay	good		good prize plan			testing	Greninja refined reps	Raging Bolt	Raging Bolt tie. Need one cleaner turn to convert this sample into a read.
26747acb-4ce5-4173-af2e-66d0825f3316	Playtest 200 - Mega Greninja Tempo	v2 Cleaner Counts	2026-05-12T13:28:00.000Z	Charizard ex	win	unknown	okay	bad	good		Good Tech|favorable matchup	Prime Catcher		testing	Greninja side reps		Beat Charizard ex. Good Tech carried the middle turns.
99d22246-5c66-4ce6-bc88-316334388992	Playtest 200 - Mega Greninja Tempo	v2 Cleaner Counts	2026-05-13T14:41:00.000Z	Charizard ex	win	second	bad	bad	great		Good Tech|strong recovery	Prime Catcher		testing	Greninja side reps		v2 Cleaner Counts held together into Charizard ex. Good Tech and strong recovery were real.
a17c2fc7-93d8-4bcb-a85d-06ed0683ad6b	Playtest 200 - Mega Greninja Tempo	v2 Cleaner Counts	2026-05-14T15:54:00.000Z	Charizard ex	win	first	good	okay	okay		Good Tech|favorable matchup	Prime Catcher		testing	Greninja side reps		Win vs Charizard ex. Good Tech mattered more than expected.
513a4ec4-0120-4024-8b15-b507cb031aef	Playtest 200 - Mega Greninja Tempo	v2 Cleaner Counts	2026-05-15T16:07:00.000Z	Charizard ex	win	second	good	okay	bad		Good Tech|favorable matchup	Prime Catcher		testing	Greninja side reps		Beat Charizard ex. Good Tech carried the middle turns.
09566236-8a59-40c6-a87c-bb3def8c42f5	Playtest 200 - Mega Greninja Tempo	v2 Cleaner Counts	2026-05-16T17:20:00.000Z	Charizard ex	win	unknown	good	bad	okay		Good Tech|strong recovery	Prime Catcher		testing	Greninja side reps		v2 Cleaner Counts held together into Charizard ex. Good Tech and strong recovery were real.
74a2bf97-36b6-4eec-a04c-03ac922a54e7	Playtest 200 - Mega Greninja Tempo	v2 Cleaner Counts	2026-05-17T18:33:00.000Z	Charizard ex	loss	second	okay	okay	good	stadium lock|missed setup		Prime Catcher		testing	Greninja side reps		Another Charizard ex loss. Need to review stadium lock before the next sample.
cf159261-16c3-447d-a247-36669b8aadd2	Playtest 200 - Mega Greninja Tempo	v2 Cleaner Counts	2026-05-18T19:46:00.000Z	Charizard ex	loss	first	good	okay	okay	stadium lock|missed setup		Prime Catcher		testing	Greninja side reps		Lost to Charizard ex. stadium lock snowballed before Playtest 200 - Mega Greninja Tempo stabilized.
b4dc8caf-c175-403d-aa1b-d6058317bca9	Playtest 200 - Mega Greninja Tempo	v2 Cleaner Counts	2026-05-19T09:59:00.000Z	Charizard ex	tie	second	great	okay	great			Prime Catcher		testing	Greninja side reps		Charizard ex tie. Need one cleaner turn to convert this sample into a read.
39c00fe5-a312-464c-9256-87bdb3cf959a	Playtest 200 - Charizard Pressure	v1 Straight	2026-05-20T10:12:00.000Z	Mega Greninja	win	first	good	good	okay		strong setup|favorable matchup	Charizard ex		testing	Zard into frogs		Beat Mega Greninja. strong setup carried the middle turns.
094260ca-2caf-4f9f-83ee-6251ab7561cb	Playtest 200 - Charizard Pressure	v1 Straight	2026-05-21T11:25:00.000Z	Mega Greninja	win	first	good	good	bad		strong setup|favorable matchup	Charizard ex		testing	Zard into frogs		v1 Straight held together into Mega Greninja. strong setup and favorable matchup were real.
d9a75c32-a463-4412-ade7-7de2dc4b0032	Playtest 200 - Charizard Pressure	v1 Straight	2026-05-22T12:38:00.000Z	Mega Greninja	win	first	bad	good	okay		strong setup|key tech mattered	Charizard ex		testing	Zard into frogs		Win vs Mega Greninja. strong setup mattered more than expected.
bc0252f6-b7b0-4c19-bf7b-7817954e27f9	Playtest 200 - Charizard Pressure	v1 Straight	2026-05-23T13:51:00.000Z	Mega Greninja	win	first	okay	okay	good		strong setup|key tech mattered	Charizard ex		testing	Zard into frogs		Beat Mega Greninja. strong setup carried the middle turns.
cd157cc0-f2a7-44db-a881-37843fa2ea74	Playtest 200 - Charizard Pressure	v1 Straight	2026-05-24T14:04:00.000Z	Mega Greninja	loss	first	bad	okay	okay	Item Lock|missed setup			Rare Candy	testing	Zard into frogs		v1 Straight dropped a game to Mega Greninja. Item Lock and missed setup showed up again.
bf0131ac-6c06-4036-b988-bf3196fb98ff	Playtest 200 - Charizard Pressure	v1 Straight	2026-05-25T15:17:00.000Z	Mega Greninja	loss	first	okay	great	okay	Item Lock|missed setup			Rare Candy	testing	Zard into frogs		Another Mega Greninja loss. Need to review Item Lock before the next sample.
4fe66abc-112d-478b-9845-537f9a7ca416	Playtest 200 - Charizard Pressure	v1 Straight	2026-05-26T16:30:00.000Z	Mega Greninja	loss	first	good	good	okay	Item Lock|missed setup			Rare Candy	testing	Zard into frogs		Lost to Mega Greninja. Item Lock snowballed before Playtest 200 - Charizard Pressure stabilized.
f1d76724-dbaa-492f-98d9-eeab364874a2	Playtest 200 - Charizard Pressure	v1 Straight	2026-05-27T17:43:00.000Z	Mega Greninja	loss	unknown	bad	bad	good	Item Lock|missed setup			Rare Candy	testing	Zard into frogs		v1 Straight dropped a game to Mega Greninja. Item Lock and missed setup showed up again.
dc6f7682-b063-4c63-a6fa-1c95d9de2d1f	Playtest 200 - Charizard Pressure	v1 Straight	2026-05-28T18:56:00.000Z	Mega Greninja	loss	second	bad	good	good	Item Lock|missed setup			Rare Candy	testing	Zard into frogs		Another Mega Greninja loss. Need to review Item Lock before the next sample.
729cb10d-8a53-450c-94f5-15a7adf9ea9e	Playtest 200 - Charizard Pressure	v1 Straight	2026-05-29T19:09:00.000Z	Mega Greninja	tie	second	good	great	good	tempo loss	strong recovery			testing	Zard into frogs		Mega Greninja tie. Need one cleaner turn to convert this sample into a read.
fe6883cf-9d66-4bab-b32d-8614808fdd32	Playtest 200 - Charizard Pressure	v1 Straight	2026-05-30T09:22:00.000Z	Mega Greninja	win	second	okay	good	good		strong setup|key tech mattered	Charizard ex		testing	Zard into frogs		v1 Straight held together into Mega Greninja. strong setup and key tech mattered were real.
5586bb8d-30d4-4c55-973c-e4ee24b17b80	Playtest 200 - Charizard Pressure	v1 Straight	2026-05-31T10:35:00.000Z	Mega Greninja	win	second	okay	good	good		strong setup|key tech mattered	Charizard ex		testing	Zard into frogs		Win vs Mega Greninja. strong setup mattered more than expected.
a98de46c-0845-4b88-b654-024aaedf639f	Playtest 200 - Charizard Pressure	v2 Item Lock Prep	2026-06-01T11:48:00.000Z	Dragapult Dusknoir	win	first	okay	good	good		Good Tech|strong recovery	Canceling Cologne		competitive	League cup		Beat Dragapult Dusknoir. Good Tech carried the middle turns.
23736db4-9978-4fb8-a922-7e1d7783e115	Playtest 200 - Charizard Pressure	v2 Item Lock Prep	2026-06-02T12:01:00.000Z	Dragapult Dusknoir	win	first	great	good	great		Good Tech|favorable matchup	Canceling Cologne		competitive	League cup		v2 Item Lock Prep held together into Dragapult Dusknoir. Good Tech and favorable matchup were real.
b4e96402-eb4d-4ded-9161-3839fd334551	Playtest 200 - Charizard Pressure	v2 Item Lock Prep	2026-06-03T13:14:00.000Z	Dragapult Dusknoir	win	first	great	good	good		Good Tech|key tech mattered	Canceling Cologne		competitive	League cup		Win vs Dragapult Dusknoir. Good Tech mattered more than expected.
8e300c0c-4228-4416-8d49-377361c59267	Playtest 200 - Charizard Pressure	v2 Item Lock Prep	2026-06-04T14:27:00.000Z	Dragapult Dusknoir	win	first	good	good	great		Good Tech|strong recovery	Canceling Cologne		competitive	League cup		Beat Dragapult Dusknoir. Good Tech carried the middle turns.
436255f1-4319-47b6-9a9f-369a2556e0b9	Playtest 200 - Charizard Pressure	v2 Item Lock Prep	2026-06-05T15:40:00.000Z	Dragapult Dusknoir	win	first	good	great	bad		Good Tech|key tech mattered	Canceling Cologne		competitive	League cup		v2 Item Lock Prep held together into Dragapult Dusknoir. Good Tech and key tech mattered were real.
fe37f0d4-c353-4edb-b95b-2869a48b4792	Playtest 200 - Charizard Pressure	v2 Item Lock Prep	2026-06-06T16:53:00.000Z	Dragapult Dusknoir	win	first	great	okay	good		Good Tech|key tech mattered	Canceling Cologne		competitive	League cup		Win vs Dragapult Dusknoir. Good Tech mattered more than expected.
9c1b5931-d9c9-4b66-b92e-dffbc2eb95ae	Playtest 200 - Charizard Pressure	v2 Item Lock Prep	2026-06-07T17:06:00.000Z	Dragapult Dusknoir	win	first	okay	good	good		Good Tech|strong recovery	Canceling Cologne		competitive	League cup		Beat Dragapult Dusknoir. Good Tech carried the middle turns.
60400ca5-a2aa-4090-83eb-39939c347052	Playtest 200 - Charizard Pressure	v2 Item Lock Prep	2026-06-08T18:19:00.000Z	Dragapult Dusknoir	loss	unknown	okay	good	good	Item Lock|tempo loss			Buddy-Buddy Poffin	competitive	League cup		v2 Item Lock Prep dropped a game to Dragapult Dusknoir. Item Lock and tempo loss showed up again.
d78e8e7b-e1f5-419c-942b-7fe65aac0a5f	Playtest 200 - Charizard Pressure	v2 Item Lock Prep	2026-06-09T19:32:00.000Z	Dragapult Dusknoir	loss	second	okay	okay	bad	Item Lock|tempo loss			Buddy-Buddy Poffin	competitive	League cup		Another Dragapult Dusknoir loss. Need to review Item Lock before the next sample.
94194752-c473-4cc8-9569-2c864b4f8d29	Playtest 200 - Charizard Pressure	v2 Item Lock Prep	2026-06-10T09:45:00.000Z	Dragapult Dusknoir	loss	second	okay	bad	bad	Item Lock|supporter drought			Buddy-Buddy Poffin	competitive	League cup		Lost to Dragapult Dusknoir. Item Lock snowballed before Playtest 200 - Charizard Pressure stabilized.
37c897d9-9481-42c7-9e2c-e9d8f4099410	Playtest 200 - Charizard Pressure	v2 Item Lock Prep	2026-06-11T10:58:00.000Z	Dragapult Dusknoir	tie	second	okay	bad	good		strong recovery			competitive	League cup		Timed tie vs Dragapult Dusknoir. Game stayed close but the prize race never broke open.
f7046251-481b-4d37-ad6c-cf458aa336d6	Playtest 200 - Charizard Pressure	v2 Item Lock Prep	2026-06-12T11:11:00.000Z	Dragapult Dusknoir	win	second	good	good	okay		Good Tech|favorable matchup	Canceling Cologne		competitive	League cup		Win vs Dragapult Dusknoir. Good Tech mattered more than expected.
35b85761-29f8-4378-a61d-79484039f6ce	Playtest 200 - Charizard Pressure	v2 Item Lock Prep	2026-04-18T12:24:00.000Z	Rogue decks	win	unknown	okay	bad	great		good prize plan|key tech mattered			testing	Zard rogue cleanup		Beat Rogue decks. good prize plan carried the middle turns.
9a8b645a-a6d4-46d9-8fcf-c1ded705ee9a	Playtest 200 - Charizard Pressure	v2 Item Lock Prep	2026-04-19T13:37:00.000Z	Rogue decks	win	second	bad	great	okay		good prize plan|strong recovery			testing	Zard rogue cleanup		v2 Item Lock Prep held together into Rogue decks. good prize plan and strong recovery were real.
badff21a-c374-413e-82e3-13b5ceba8056	Playtest 200 - Charizard Pressure	v2 Item Lock Prep	2026-04-20T14:50:00.000Z	Rogue decks	win	first	good	good	good		good prize plan|key tech mattered			testing	Zard rogue cleanup		Win vs Rogue decks. good prize plan mattered more than expected.
fb905066-104a-4216-8c9f-2873eba03c02	Playtest 200 - Charizard Pressure	v2 Item Lock Prep	2026-04-21T15:03:00.000Z	Rogue decks	win	second	good	good	good		good prize plan|strong recovery			testing	Zard rogue cleanup		Beat Rogue decks. good prize plan carried the middle turns.
0e544b48-8c91-4965-8fbe-11f6e21bd5c1	Playtest 200 - Charizard Pressure	v2 Item Lock Prep	2026-04-22T16:16:00.000Z	Rogue decks	win	first	okay	great	bad		good prize plan|favorable matchup			testing	Zard rogue cleanup		v2 Item Lock Prep held together into Rogue decks. good prize plan and favorable matchup were real.
f274448f-dbeb-44b2-b48a-18e6a639f87d	Playtest 200 - Charizard Pressure	v2 Item Lock Prep	2026-04-23T17:29:00.000Z	Rogue decks	loss	unknown	good	okay	good	stadium lock|tempo loss				testing	Zard rogue cleanup		Another Rogue decks loss. Need to review stadium lock before the next sample.
b09bcdbb-fa8d-468d-a8f5-7d43c4e0d3ff	Playtest 200 - Charizard Pressure	v2 Item Lock Prep	2026-04-24T18:42:00.000Z	Rogue decks	loss	first	bad	good	good	stadium lock|supporter drought				testing	Zard rogue cleanup		Lost to Rogue decks. stadium lock snowballed before Playtest 200 - Charizard Pressure stabilized.
4c5403f0-5d3e-42bb-9c2d-51b703f3d284	Playtest 200 - Charizard Pressure	v2 Item Lock Prep	2026-04-25T19:55:00.000Z	Rogue decks	tie	second	good	good	great		strong recovery			testing	Zard rogue cleanup		Rogue decks tie. Need one cleaner turn to convert this sample into a read.
81f33756-043b-460c-aeae-16941255a0c9	Playtest 200 - Rogue Box	v1 Meta Soup	2026-04-26T09:08:00.000Z	Charizard ex	win	unknown	great	okay	bad		key tech mattered			testing	Rogue chaos		Beat Charizard ex. key tech mattered carried the middle turns.
6b819d6b-9f88-4ce4-8c7b-9e439e683000	Playtest 200 - Rogue Box	v1 Meta Soup	2026-04-27T10:21:00.000Z	Charizard ex	loss	second	bad	bad	okay	matchup knowledge|supporter drought				testing	Rogue chaos		v1 Meta Soup dropped a game to Charizard ex. matchup knowledge and supporter drought showed up again.
53e2ee24-f385-4c11-be1f-874168b7ff61	Playtest 200 - Rogue Box	v1 Meta Soup	2026-04-28T11:34:00.000Z	Charizard ex	tie	unknown	good	okay	great	tempo loss				testing	Rogue chaos		Timed tie vs Charizard ex. Game stayed close but the prize race never broke open.
e33f8e7f-3287-424d-9c9f-e06a0315479f	Playtest 200 - Rogue Box	v1 Meta Soup	2026-04-29T12:47:00.000Z	Charizard ex	loss	first	okay	okay	bad	matchup knowledge|tempo loss				testing	Rogue chaos		Lost to Charizard ex. matchup knowledge snowballed before Playtest 200 - Rogue Box stabilized.
12e7bc91-3f03-48f4-80b3-d587cef2a869	Playtest 200 - Rogue Box	v1 Meta Soup	2026-04-30T13:00:00.000Z	Charizard ex	win	unknown	good	okay	bad		key tech mattered|favorable matchup			testing	Rogue chaos		v1 Meta Soup held together into Charizard ex. key tech mattered and favorable matchup were real.
66972abb-13d7-457d-8a65-59077236b2b0	Playtest 200 - Rogue Box	v2 Trimmed Soup	2026-05-01T14:13:00.000Z	Mega Greninja	loss	second	okay	good	good	prize map error|tempo loss				testing	Rogue trimmed sample		Lost to Mega Greninja. prize map error snowballed before Playtest 200 - Rogue Box stabilized.
310c6b26-0cdc-4fc5-9d9e-1cef242d2463	Playtest 200 - Rogue Box	v2 Trimmed Soup	2026-05-02T15:26:00.000Z	Mega Greninja	tie	unknown	bad	good	bad	tempo loss				testing	Rogue trimmed sample		Mega Greninja tie. Need one cleaner turn to convert this sample into a read.
13597d8d-763f-4163-857b-4d5f22c000a5	Playtest 200 - Rogue Box	v2 Trimmed Soup	2026-05-03T16:39:00.000Z	Mega Greninja	win	unknown	okay	okay	great		strong recovery			testing	Rogue trimmed sample		Win vs Mega Greninja. strong recovery mattered more than expected.
40af82ac-c770-4ec2-ad87-f2c4aa60f3e7	Playtest 200 - Rogue Box	v2 Trimmed Soup	2026-05-04T17:52:00.000Z	Mega Greninja	loss	second	good	good	okay	prize map error|supporter drought				testing	Rogue trimmed sample		Lost to Mega Greninja. prize map error snowballed before Playtest 200 - Rogue Box stabilized.
b7cacdc4-60af-4832-bd1a-f11e3c6430b1	Playtest 200 - Rogue Box	v2 Trimmed Soup	2026-05-05T18:05:00.000Z	Mega Greninja	tie	unknown	great	good	bad					testing	Rogue trimmed sample		Timed tie vs Mega Greninja. Game stayed close but the prize race never broke open.
fbe2cfd8-8820-448e-a799-d746698a040b	Playtest 200 - Control Counterlab	v1 Counter Package	2026-05-06T19:18:00.000Z	Charizard ex	win	second	okay	okay	good		good prize plan|favorable matchup	Temple of Sinnoh		testing	Counterlab lock reps		Beat Charizard ex. good prize plan carried the middle turns.
10c70382-0c53-415c-bf94-085fb81f4ed8	Playtest 200 - Control Counterlab	v1 Counter Package	2026-05-07T09:31:00.000Z	Charizard ex	loss	first	good	good	good	Item Lock|supporter drought			Gholdengo ex	testing	Counterlab lock reps		v1 Counter Package dropped a game to Charizard ex. Item Lock and supporter drought showed up again.
75fc2abb-6a44-45a7-b055-7e9b8e028fb2	Playtest 200 - Control Counterlab	v1 Counter Package	2026-05-08T10:44:00.000Z	Charizard ex	loss	second	okay	bad	okay	Item Lock|supporter drought			Gholdengo ex	testing	Counterlab lock reps		Another Charizard ex loss. Need to review Item Lock before the next sample.
deb9bcd4-24fd-4966-ac7e-2ec583bd040e	Playtest 200 - Control Counterlab	v1 Counter Package	2026-05-09T11:57:00.000Z	Charizard ex	loss	first	great	good	good	Item Lock|supporter drought			Gholdengo ex	testing	Counterlab lock reps		Lost to Charizard ex. Item Lock snowballed before Playtest 200 - Control Counterlab stabilized.
bd79abb7-8926-452c-9657-0f73bd200ecc	Playtest 200 - Control Counterlab	v1 Counter Package	2026-05-10T12:10:00.000Z	Charizard ex	loss	second	great	good	okay	Item Lock|supporter drought			Gholdengo ex	testing	Counterlab lock reps		v1 Counter Package dropped a game to Charizard ex. Item Lock and supporter drought showed up again.
f01d0e74-bc90-4d26-8853-402dfb33d43d	Playtest 200 - Control Counterlab	v1 Counter Package	2026-05-11T13:23:00.000Z	Charizard ex	loss	first	bad	good	okay	Item Lock|supporter drought			Gholdengo ex	testing	Counterlab lock reps		Another Charizard ex loss. Need to review Item Lock before the next sample.
28159768-2353-45d1-90e7-986570901b7c	Playtest 200 - Control Counterlab	v1 Counter Package	2026-05-12T14:36:00.000Z	Charizard ex	tie	second	great	okay	okay	tempo loss	good prize plan			testing	Counterlab lock reps		Timed tie vs Charizard ex. Game stayed close but the prize race never broke open.
ac5e4b41-f28f-4245-b135-0af8f09b0edc	Playtest 200 - Control Counterlab	v1 Counter Package	2026-05-13T15:49:00.000Z	Charizard ex	loss	first	good	good	good	Item Lock|missed setup			Gholdengo ex	testing	Counterlab lock reps		v1 Counter Package dropped a game to Charizard ex. Item Lock and missed setup showed up again.
2857d3c0-46c0-497b-b196-b3c36ea8bc90	Playtest 200 - Control Counterlab	v2 Ladder Tech	2026-05-14T16:02:00.000Z	Raging Bolt	win	unknown	good	bad	great		strong recovery			testing	Counterlab ladder mix		Beat Raging Bolt. strong recovery carried the middle turns.
0845b6aa-512e-4595-942e-da6ad5590db6	Playtest 200 - Control Counterlab	v2 Ladder Tech	2026-05-15T17:15:00.000Z	Raging Bolt	win	second	okay	great	good		strong recovery|key tech mattered			testing	Counterlab ladder mix		v2 Ladder Tech held together into Raging Bolt. strong recovery and key tech mattered were real.
d9dc16b9-b53b-43ec-9afc-13c55e4b6352	Playtest 200 - Control Counterlab	v2 Ladder Tech	2026-05-16T18:28:00.000Z	Raging Bolt	loss	second	good	okay	bad	Item Lock|tempo loss				testing	Counterlab ladder mix		Another Raging Bolt loss. Need to review Item Lock before the next sample.
1eea2679-901e-4f11-9e22-2b5e5aac072d	Playtest 200 - Control Counterlab	v2 Ladder Tech	2026-05-17T19:41:00.000Z	Raging Bolt	loss	unknown	good	okay	good	Item Lock|missed setup				testing	Counterlab ladder mix		Lost to Raging Bolt. Item Lock snowballed before Playtest 200 - Control Counterlab stabilized.
d24915e3-4ffc-4f3f-b44d-3ab65a5dbd6d	Playtest 200 - Control Counterlab	v2 Ladder Tech	2026-05-18T09:54:00.000Z	Raging Bolt	loss	second	okay	bad	good	Item Lock|tempo loss				testing	Counterlab ladder mix		v2 Ladder Tech dropped a game to Raging Bolt. Item Lock and tempo loss showed up again.
43688714-c3bc-4e7c-a070-7efdfc9ecd50	Playtest 200 - Control Counterlab	v2 Ladder Tech	2026-05-19T10:07:00.000Z	Raging Bolt	tie	second	good	good	okay		good prize plan			testing	Counterlab ladder mix		Raging Bolt tie. Need one cleaner turn to convert this sample into a read.